{
    "menu": [
	{
        	"id": "Fip",
        	"value": "Fip Radio",
        	"fanart": "https://mediateur.radiofrance.fr/wp-content/themes/radiofrance/img/fip.png",
        	"contents": {
        	    "menuitem": [
        	        { "value": "Fip direct",
        	          "fanart": "https://www.radiofrance.fr/s3/cruiser-production/2023/06/05bd6cdf-b53d-4b4d-9dd5-496f9bebc90f/300x300_sc_fip-2.jpg",
        	          "stream_url": "https://icecast.radiofrance.fr/fip-hifi.aac?id=radiofrance",
        	          "radiodata_rf_id": "7",
        	          "radiodata_type": "radiofrance_api"},
        	        { "value": "Fip Sacré Français !",
        	          "fanart": "https://www.radiofrance.fr/s3/cruiser-production/2023/07/562152b5-9c46-46c1-a166-683448aa1fbe/300x300_sc_sacre-franaais.jpg",
        	          "stream_url": "https://icecast.radiofrance.fr/fipsacrefrancais-hifi.aac?id=radiofrance",
        	          "radiodata_rf_id": "96",
        	          "radiodata_type": "radiofrance_api"},
        	        { "value": "Fip Rock",
        	          "fanart": "https://www.radiofrance.fr/s3/cruiser-production/2019/06/f5b944ca-9a21-4970-8eed-e711dac8ac15/300x300_fip-rock_ok.jpg",
        	          "stream_url": "https://icecast.radiofrance.fr/fiprock-hifi.aac?id=radiofrance",
        	          "radiodata_rf_id": "64",
        	          "radiodata_type": "radiofrance_api"},
        	        { "value": "Fip Jazz",
        	          "fanart": "https://www.radiofrance.fr/s3/cruiser-production/2019/06/840a4431-0db0-4a94-aa28-53f8de011ab6/300x300_fip-jazz-01.jpg",
        	          "stream_url": "https://icecast.radiofrance.fr/fipjazz-hifi.aac?id=radiofrance",
        	          "radiodata_rf_id": "65",
        	          "radiodata_type": "radiofrance_api"},
        	        { "value": "Fip Groove",
        	          "fanart": "https://www.radiofrance.fr/s3/cruiser-production/2019/06/3673673e-30f7-4caf-92c6-4161485d284d/300x300_fip-groove_ok.jpg",
        	          "stream_url": "https://icecast.radiofrance.fr/fipgroove-hifi.aac?id=radiofrance",
        	          "radiodata_rf_id": "66",
        	          "radiodata_type": "radiofrance_api"},
        	        { "value": "Fip Reggae",
        	          "fanart": "https://www.radiofrance.fr/s3/cruiser-production/2019/06/15a58f25-86a5-4b1a-955e-5035d9397da3/300x300_fip-reggae_ok.jpg",
        	          "stream_url": "https://icecast.radiofrance.fr/fipreggae-hifi.aac?id=radiofrance",
        	          "radiodata_rf_id": "71",
        	          "radiodata_type": "radiofrance_api"},
        	        { "value": "Fip Pop",
        	          "fanart": "https://www.radiofrance.fr/s3/cruiser-production/2020/06/14f16d25-960c-4cf4-8e39-682268b1a0c1/300x300_fip-pop_ok.jpg",
        	          "stream_url": "https://icecast.radiofrance.fr/fippop-hifi.aac?id=radiofrance",
        	          "radiodata_rf_id": "78",
        	          "radiodata_type": "radiofrance_api"},
        	        { "value": "Fip Electro",
        	          "fanart": "https://www.radiofrance.fr/s3/cruiser-production/2019/06/29044099-6469-4f2f-845c-54e607179806/300x300_fip-electro-ok.jpg",
        	          "stream_url": "https://icecast.radiofrance.fr/fipelectro-hifi.aac?id=radiofrance",
        	          "radiodata_rf_id": "74",
        	          "radiodata_type": "radiofrance_api"},
        	        { "value": "Fip Monde",
        	          "fanart": "https://www.radiofrance.fr/s3/cruiser-production/2019/06/9a1d42c5-8a36-4253-bfae-bdbfb85cbe14/300x300_fip-monde_ok.jpg",
        	          "stream_url": "https://icecast.radiofrance.fr/fipworld-hifi.aac?id=radiofrance",
        	          "radiodata_rf_id": "69",
        	          "radiodata_type": "radiofrance_api"},
        	        { "value": "Fip Nouveautés",
        	          "fanart": "https://www.radiofrance.fr/s3/cruiser-production/2019/06/e061141c-f6b4-4502-ba43-f6ec693a049b/300x300_fip-nouveau_ok.jpg",
        	          "stream_url": "https://icecast.radiofrance.fr/fipnouveautes-hifi.aac?id=radiofrance",
        	          "radiodata_rf_id": "70",
        	          "radiodata_type": "radiofrance_api"},
        	        { "value": "Fip Metal",
        	          "fanart": "https://www.radiofrance.fr/s3/cruiser-production/2022/07/160994f8-296b-4cd8-97a0-34c9111cdd9d/300x300_fip-metal-20222x_2.jpg",
        	          "stream_url": "https://icecast.radiofrance.fr/fipmetal-hifi.aac?id=radiofrance",
        	          "radiodata_rf_id": "77",
        	          "radiodata_type": "radiofrance_api"},
        	        { "value": "Fip Hip Hop",
        	          "fanart": "https://www.radiofrance.fr/s3/cruiser-production/2022/07/af67eb80-feac-441e-aea6-ba7c653e220d/300x300_fip-hip-hop-2022-v12x-1.jpg",
        	          "stream_url": "https://icecast.radiofrance.fr/fiphiphop-hifi.aac?id=radiofrance",
        	          "radiodata_rf_id": "95",
        	          "radiodata_type": "radiofrance_api"}
		    ] }
        	    },
	{
        	"id": "Rfm",
        	"value": "RFM",
        	"fanart": "https://www.lalettre.pro/photo/art/grande/25950170-26952034.jpg",
        	"contents": {
        	    "menuitem": [
        	        { "value": "RFM direct",
        	          "fanart": "https://cdn-rfm.lanmedia.fr/bundles/rfmintegration/images/logoRFM.png",
        	          "stream_url": "https://ais-live.cloud-services.paris:8443/rfm.mp3",
        	          "radiodata_url": "http://directradio.rfm.fr/rfm/now/3",
        	          "radiodata_type": "rfm_json"},
        	        { "value": "RFM 100 Francais",
        	          "fanart": "https://cdn-rfm.lanmedia.fr/var/rfm/storage/images/programmes/les-webradios/100-francais/50811-7-fre-FR/100-Francais.png",
        	          "stream_url": "https://ais-live.cloud-services.paris:8443/rfm-wr11.aac",
        	          "radiodata_url": "http://directradio.rfm.fr/rfm/now/3011",
        	          "radiodata_type": "rfm_json"},
        	        { "value": "RFM Hit Party",
        	          "fanart": "https://cdn-rfm.lanmedia.fr/var/rfm/storage/images/programmes/les-webradios/rfm-hit-party/171024-19-fre-FR/RFM-Hit-Party.png",
        	          "stream_url": "https://ais-live.cloud-services.paris:8443/rfm-wr8.aac",
        	          "radiodata_url": "http://directradio.rfm.fr/rfm/now/3008",
        	          "radiodata_type": "rfm_json"},
        	        { "value": "RFM Musique Fraiche",
        	          "fanart": "https://cdn-rfm.lanmedia.fr/var/rfm/storage/images/programmes/les-webradios/rfm-musique-fraiche/54039-11-fre-FR/RFM-Musique-Fraiche.png",
        	          "stream_url": "https://ais-live.cloud-services.paris:8443/rfm-wr14.aac",
        	          "radiodata_url": "http://directradio.rfm.fr/rfm/now/3014",
        	          "radiodata_type": "rfm_json"},
        	        { "value": "RFM Collector",
        	          "fanart": "https://cdn-rfm.lanmedia.fr/var/rfm/storage/images/programmes/les-webradios/rfm-collector/3275-3-fre-FR/RFM-Collector.png",
        	          "stream_url": "https://ais-live.cloud-services.paris:8443/rfm-wr8.aac",
        	          "radiodata_url": "http://directradio.rfm.fr/rfm/now/3008",
        	          "radiodata_type": "rfm_json"},
        	        { "value": "RFM Run  Fit",
        	          "fanart": "https://cdn-rfm.lanmedia.fr/var/rfm/storage/images/programmes/les-webradios/run-fit/19356-1-fre-FR/Run-Fit.png",
        	          "stream_url": "https://ais-live.cloud-services.paris:8443/rfm-wr9.aac",
        	          "radiodata_url": "http://directradio.rfm.fr/rfm/now/3009",
        	          "radiodata_type": "rfm_json"},
        	        { "value": "RFM 100 New Wave",
        	          "fanart": "https://cdn-rfm.lanmedia.fr/var/rfm/storage/images/programmes/les-webradios/100-new-wave/30917-9-fre-FR/100-New-Wave.png",
        	          "stream_url": "https://ais-live.cloud-services.paris:8443/rfm-wr12.aac",
        	          "radiodata_url": "http://directradio.rfm.fr/rfm/now/3012",
        	          "radiodata_type": "rfm_json"},
        	        { "value": "RFM Pop Rock",
        	          "fanart": "https://cdn-rfm.lanmedia.fr/var/rfm/storage/images/programmes/les-webradios/rfm-pop-rock/19370-1-fre-FR/RFM-Pop-Rock.png",
        	          "stream_url": "https://ais-live.cloud-services.paris:8443/rfm-wr10.aac",
        	          "radiodata_url": "http://directradio.rfm.fr/rfm/now/3010",
        	          "radiodata_type": "rfm_json"},
        	        { "value": "RFM 70s",
        	          "fanart": "https://cdn-rfm.lanmedia.fr/var/rfm/storage/images/programmes/les-webradios/rfm-70-s/67769-10-fre-FR/RFM-70-s.png",
        	          "stream_url": "https://ais-live.cloud-services.paris:8443/rfm-wr16.aac",
        	          "radiodata_url": "http://directradio.rfm.fr/rfm/now/3016",
        	          "radiodata_type": "rfm_json"},
        	        { "value": "RFM 80s",
        	          "fanart": "https://cdn-rfm.lanmedia.fr/var/rfm/storage/images/programmes/les-webradios/rfm-80-s/3281-3-fre-FR/RFM-80-s.png",
        	          "stream_url": "https://ais-live.cloud-services.paris:8443/rfm-wr4.aac",
        	          "radiodata_url": "http://directradio.rfm.fr/rfm/now/3004",
        	          "radiodata_type": "rfm_json"},
        	        { "value": "RFM Party 90",
        	          "fanart": "https://cdn-rfm.lanmedia.fr/var/rfm/storage/images/programmes/les-webradios/rfm-party-90/7598-1-fre-FR/RFM-Party-90.png",
        	          "stream_url": "https://ais-live.cloud-services.paris:8443/rfm-wr5.aac",
        	          "radiodata_url": "http://directradio.rfm.fr/rfm/now/3005",
        	          "radiodata_type": "rfm_json"},
        	        { "value": "RFM 100 Femmes",
        	          "fanart": "https://cdn-rfm.lanmedia.fr/var/rfm/storage/images/programmes/les-webradios/100-femmes/19322-3-fre-FR/100-Femmes.png",
        	          "stream_url": "https://ais-live.cloud-services.paris:8443/rfm-wr3.aac",
        	          "radiodata_url": "http://directradio.rfm.fr/rfm/now/3003",
        	          "radiodata_type": "rfm_json"},
        	        { "value": "RFM Le HIT",
        	          "fanart": "https://cdn-rfm.lanmedia.fr/var/rfm/storage/images/programmes/les-webradios/le-hit-rfm/3287-8-fre-FR/Le-HIT-RFM.png",
        	          "stream_url": "https://ais-live.cloud-services.paris:8443/rfm-wr7.aac",
        	          "radiodata_url": "http://directradio.rfm.fr/rfm/now/3007",
        	          "radiodata_type": "rfm_json"},
        	        { "value": "RFM Cinema",
        	          "fanart": "https://cdn-rfm.lanmedia.fr/var/rfm/storage/images/programmes/les-webradios/cinema/54025-1-fre-FR/Cinema.png",
        	          "stream_url": "https://ais-live.cloud-services.paris:8443/rfm-wr15.aac",
        	          "radiodata_url": "http://directradio.rfm.fr/rfm/now/3015",
        	          "radiodata_type": "rfm_json"}
		    ] } },
	{
        	"id": "jazzradio",
        	"value": "Jazz Radio",
        	"fanart": "https://www.jazzradio.fr/media/option/logo-jazzradio.png",
        	"contents": {
        	    "menuitem": [
        	        { "value": "Jazz Radio",
        	          "fanart": "https://www.jazzradio.fr/media/option/logo-jazzradio.png",
        	          "stream_url": "http://jazzradio.ice.infomaniak.ch/jazzradio-high.aac",
        	          "radiodata_url": "http://www.jazzradio.fr/winradio/prog.xml",
        	          "radiodata_type": "jazzradio_xml"},
        	        { "value": "Jazz Radio Blues",
        	          "fanart": "https://www.jazzradio.fr/media/article/image//thumb.png",
        	          "stream_url": "http://jazzblues.ice.infomaniak.ch/jazzblues-high.aac",
        	          "radiodata_url": "http://www.jazzradio.fr/winradio/prog3.xml",
        	          "radiodata_type": "jazzradio_xml"}
		    ] } }
    ]
}
